"gamma","v","beta","alpha","W","c","r","k","sigma","spec","transformation","ss_monop1","ss_monop2","ss_monop3","ss_cournot1","ss_cournot2","ss_cournot3","ss_bertrand1","ss_bertrand2","ss_bertrand3","harvest_monop1","harvest_monop2","harvest_monop3","harvest_cournot1","harvest_cournot2","harvest_cournot3","harvest_bertrand1","harvest_bertrand2","harvest_bertrand3","price_monop1","price_monop2","price_monop3","price_poachers_monop1","price_poachers_monop2","price_poachers_monop3","profit_monop1","profit_monop2","profit_monop3","price_poachers_cournot1","farmed_cournot1","p_farmed_cournot1","p_wild_cournot1","profit_farmed_cournot1","profit_trader_cournot1","price_poachers_cournot2","farmed_cournot2","p_farmed_cournot2","p_wild_cournot2","profit_farmed_cournot2","profit_trader_cournot2","price_poachers_cournot3","farmed_cournot3","p_farmed_cournot3","p_wild_cournot3","profit_farmed_cournot3","profit_trader_cournot3","e","a_f","a_w","b_f","b_w","price_poachers_bertrand1","farmed_bertrand1","p_farmed_bertrand1","p_wild_bertrand1","profit_farmed_bertrand1","profit_trader_bertrand1","price_poachers_bertrand2","farmed_bertrand2","p_farmed_bertrand2","p_wild_bertrand2","profit_farmed_bertrand2","profit_trader_bertrand2","price_poachers_bertrand3","farmed_bertrand3","p_farmed_bertrand3","p_wild_bertrand3","profit_farmed_bertrand3","profit_trader_bertrand3"
1511.88820729174,56465,1527.15980534519,1587792.39661445,2.13941145833333,2658.197283344,0.2012827,20226,1.420384516e-05,"baseline",NA,17276,NA,NA,18311,NA,NA,16649,NA,NA,507.179461057055,NA,NA,348.961317127732,NA,NA,592.657166014887,NA,NA,813248.309591479,NA,NA,36040.375372805,NA,NA,392835718.140745,NA,NA,21336.9284837444,328.39076756055,589797.087091246,558382.570618384,164928258.639268,186480546.611831,NA,NA,NA,NA,NA,NA,NA,NA,NA,NA,NA,NA,0.0325759907669608,522.463741938951,522.463741938951,0.0329050411787482,0.0329050411787482,20170.0616915315,763.528418214842,23205.1952196738,30839.6631042475,-25394806.1340569,2111930.96842311,NA,NA,NA,NA,NA,NA,NA,NA,NA,NA,NA,NA
1511.88820729174,564.65,1527.15980534519,1587792.39661445,2.13941145833333,2658.197283344,0.2012827,20226,1.420384516e-05,"v","0.01",17276,NA,NA,18381,NA,NA,18640,NA,NA,507.179461057055,NA,NA,337.490810568155,NA,NA,294.201943607634,NA,NA,813248.309591479,NA,NA,36040.375372805,NA,NA,392835718.140745,NA,NA,21179.0225115127,352.598816703567,516227.663453342,539300.003162251,189876095.244589,173963952.576379,NA,NA,NA,NA,NA,NA,NA,NA,NA,NA,NA,NA,0.0325759907669608,522.463741938951,522.463741938951,0.0329050411787482,0.0329050411787482,17739.8405074962,737.313357168845,22408.5069279439,29230.1918078236,16105767.4850583,2566821.72362388,NA,NA,NA,NA,NA,NA,NA,NA,NA,NA,NA,NA
1511.88820729174,2823.25,1527.15980534519,1587792.39661445,2.13941145833333,2658.197283344,0.2012827,20226,1.420384516e-05,"v","0.05",17276,NA,NA,18379,NA,NA,18561,NA,NA,507.179461057055,NA,NA,337.819892755616,NA,NA,307.547396626891,NA,NA,813248.309591479,NA,NA,36040.375372805,NA,NA,392835718.140745,NA,NA,21183.5099721229,351.620307440382,519201.400084969,540276.83868864,188905490.567624,174462060.715987,NA,NA,NA,NA,NA,NA,NA,NA,NA,NA,NA,NA,0.0325759907669608,522.463741938951,522.463741938951,0.0329050411787482,0.0329050411787482,17829.6978671947,738.282658311228,22437.964455048,29289.7019635894,14481203.5298885,2549212.87364105,NA,NA,NA,NA,NA,NA,NA,NA,NA,NA,NA,NA
1511.88820729174,5646.5,1527.15980534519,1587792.39661445,2.13941145833333,2658.197283344,0.2012827,20226,1.420384516e-05,"v","0.1",17276,NA,NA,18375,NA,NA,18461,NA,NA,507.179461057055,NA,NA,338.477818290196,NA,NA,324.262240042297,NA,NA,813248.309591479,NA,NA,36040.375372805,NA,NA,392835718.140745,NA,NA,21192.489134196,350.397894242161,522916.372485645,541120.233356148,187565082.644822,175084267.715738,NA,NA,NA,NA,NA,NA,NA,NA,NA,NA,NA,NA,0.0325759907669608,522.463741938951,522.463741938951,0.0329050411787482,0.0329050411787482,17944.198046622,739.517784238523,22475.500524995,29365.5324079267,12445345.1791932,2526862.72568981,NA,NA,NA,NA,NA,NA,NA,NA,NA,NA,NA,NA
1511.88820729174,28232.5,1527.15980534519,1587792.39661445,2.13941145833333,2658.197283344,0.2012827,20226,1.420384516e-05,"v","0.5",17276,NA,NA,18346,NA,NA,17659,NA,NA,507.179461057055,NA,NA,343.238254657174,NA,NA,451.116198388366,NA,NA,813248.309591479,NA,NA,36040.375372805,NA,NA,392835718.140745,NA,NA,21257.7575744331,340.617179421541,552640.43442342,548637.633676775,177272563.016474,180104553.218615,NA,NA,NA,NA,NA,NA,NA,NA,NA,NA,NA,NA,0.0325759907669608,522.463741938951,522.463741938951,0.0329050411787482,0.0329050411787482,18893.5747098012,749.758813879933,22786.7303327858,29994.2794943728,-4083013.80635385,2345337.50740081,NA,NA,NA,NA,NA,NA,NA,NA,NA,NA,NA,NA
1511.88820729174,33879,1527.15980534519,1587792.39661445,2.13941145833333,2658.197283344,0.2012827,20226,1.420384516e-05,"v","0.6",17276,NA,NA,18339,NA,NA,17457,NA,NA,507.179461057055,NA,NA,344.384817680762,NA,NA,481.048665480525,NA,NA,813248.309591479,NA,NA,36040.375372805,NA,NA,392835718.140745,NA,NA,21273.5567868425,338.171889542678,560071.787770098,550583.653644119,174767075.260783,181370918.415996,NA,NA,NA,NA,NA,NA,NA,NA,NA,NA,NA,NA,0.0325759907669608,522.463741938951,522.463741938951,0.0329050411787482,0.0329050411787482,19141.5601195642,752.433859549915,22868.0262550565,30158.5136807783,-8285029.47231061,2299035.95541477,NA,NA,NA,NA,NA,NA,NA,NA,NA,NA,NA,NA
1511.88820729174,39525.5,1527.15980534519,1587792.39661445,2.13941145833333,2658.197283344,0.2012827,20226,1.420384516e-05,"v","0.7",17276,NA,NA,18332,NA,NA,17255,NA,NA,507.179461057055,NA,NA,345.530405439612,NA,NA,510.168995789256,NA,NA,813248.309591479,NA,NA,36040.375372805,NA,NA,392835718.140745,NA,NA,21289.3734584625,335.726603411671,567503.129726865,552531.157330232,172279911.760841,182641700.982623,NA,NA,NA,NA,NA,NA,NA,NA,NA,NA,NA,NA,0.0325759907669608,522.463741938951,522.463741938951,0.0329050411787482,0.0329050411787482,19393.1745223241,755.148051563274,22950.5118534976,30325.1512533866,-12516570.0035156,2252528.62293871,NA,NA,NA,NA,NA,NA,NA,NA,NA,NA,NA,NA
1511.88820729174,45172,1527.15980534519,1587792.39661445,2.13941145833333,2658.197283344,0.2012827,20226,1.420384516e-05,"v","0.8",17276,NA,NA,18325,NA,NA,17053,NA,NA,507.179461057055,NA,NA,346.675017933724,NA,NA,538.477189314561,NA,NA,813248.309591479,NA,NA,36040.375372805,NA,NA,392835718.140745,NA,NA,21305.2076147859,333.28132103399,574934.460277091,554480.144726841,169811061.701007,183916900.294259,NA,NA,NA,NA,NA,NA,NA,NA,NA,NA,NA,NA,0.0325759907669608,522.463741938951,522.463741938951,0.0329050411787482,0.0329050411787482,19648.4459076347,757.901691846379,23034.1963037965,30494.2107489399,-16778278.8751157,2205830.9785642,NA,NA,NA,NA,NA,NA,NA,NA,NA,NA,NA,NA
1511.88820729174,67758,1527.15980534519,1587792.39661445,2.13941145833333,2658.197283344,0.2012827,20226,1.420384516e-05,"v","1.2",17276,NA,NA,18296,NA,NA,16245,NA,NA,507.179461057055,NA,NA,351.406594425789,NA,NA,643.588595581504,NA,NA,813248.309591479,NA,NA,36040.375372805,NA,NA,392835718.140745,NA,NA,21370.9930859088,323.500717201014,604658.184918086,562041.450887512,160038916.302939,189061056.228042,NA,NA,NA,NA,NA,NA,NA,NA,NA,NA,NA,NA,0.0325759907669608,522.463741938951,522.463741938951,0.0329050411787482,0.0329050411787482,20706.5893352099,769.316000441633,23381.0826223168,31194.991190395,-34139872.5889281,2017477.29492726,NA,NA,NA,NA,NA,NA,NA,NA,NA,NA,NA,NA
0.151188820729174,56465,1527.15980534519,1587792.39661445,2.13941145833333,2658.197283344,0.2012827,20226,1.420384516e-05,"gamma","1e-04",17276,NA,NA,17277,NA,NA,17277,NA,NA,507.179461057055,NA,NA,507.036883323302,NA,NA,507.036883323302,NA,NA,813248.309591479,NA,NA,36040.375372805,NA,NA,392835718.140745,NA,NA,36034.5115735974,501.339386543682,822091.239737887,813390.251664968,383838157.499284,392800227.623602,NA,NA,NA,NA,NA,NA,NA,NA,NA,NA,NA,NA,6.48262222616066e-08,1039.59992606585,1039.59992606585,0.000654810325874813,0.000654810325874813,36034.5117461613,519.825928594144,793858.456144621,813203.253091924,383316238.079623,392798832.606498,NA,NA,NA,NA,NA,NA,NA,NA,NA,NA,NA,NA
15.1188820729174,56465,1527.15980534519,1587792.39661445,2.13941145833333,2658.197283344,0.2012827,20226,1.420384516e-05,"gamma","0.01",17276,NA,NA,17293,NA,NA,17293,NA,NA,507.179461057055,NA,NA,504.752932726011,NA,NA,504.752932726011,NA,NA,813248.309591479,NA,NA,36040.375372805,NA,NA,392835718.140745,NA,NA,35793.6593866112,498.865767013227,818402.356267462,809411.713423493,380060060.923409,389144248.710373,NA,NA,NA,NA,NA,NA,NA,NA,NA,NA,NA,NA,6.48325758670055e-06,1029.51069062138,1029.51069062138,0.000654874503707125,0.000654874503707125,35795.365073936,517.377994506313,790042.637828974,809174.118179877,379536927.074633,389002118.659794,NA,NA,NA,NA,NA,NA,NA,NA,NA,NA,NA,NA
152.715980534519,56465,1527.15980534519,1587792.39661445,2.13941145833333,2658.197283344,0.2012827,20226,1.420384516e-05,"gamma","0.101010101010101",17276,NA,NA,17437,NA,NA,17421,NA,NA,507.179461057055,NA,NA,483.968090620048,NA,NA,486.297898563408,NA,NA,813248.309591479,NA,NA,36040.375372805,NA,NA,392835718.140745,NA,NA,33702.4741787891,477.160053429701,786222.776868827,775825.816118434,347715158.366753,357877534.139387,NA,NA,NA,NA,NA,NA,NA,NA,NA,NA,NA,NA,6.61424565108098e-05,945.184405871392,945.184405871392,0.000661424565108098,0.000661424565108098,33920.709006702,498.071451520442,753029.553942435,770447.509318647,346938918.459798,356218881.735895,NA,NA,NA,NA,NA,NA,NA,NA,NA,NA,NA,NA
305.431961069038,56465,1527.15980534519,1587792.39661445,2.13941145833333,2658.197283344,0.2012827,20226,1.420384516e-05,"gamma","0.202020202020202",17276,NA,NA,17579,NA,NA,17523,NA,NA,507.179461057055,NA,NA,463.067769207708,NA,NA,471.358076778715,NA,NA,813248.309591479,NA,NA,36040.375372805,NA,NA,392835718.140745,NA,NA,31655.9233193991,455.053344016118,753865.385091251,741626.077075709,316240469.745719,327533369.817876,NA,NA,NA,NA,NA,NA,NA,NA,NA,NA,NA,NA,0.000136418816553545,866.419038715442,866.419038715442,0.000682094082767726,0.000682094082767726,32428.7175404318,482.552221284208,707458.182072269,723406.234264895,314138206.049849,323164911.983454,NA,NA,NA,NA,NA,NA,NA,NA,NA,NA,NA,NA
763.579902672595,56465,1527.15980534519,1587792.39661445,2.13941145833333,2658.197283344,0.2012827,20226,1.420384516e-05,"gamma","0.505050505050505",17276,NA,NA,17926,NA,NA,17634,NA,NA,507.179461057055,NA,NA,410.305817485415,NA,NA,454.864747830792,NA,NA,813248.309591479,NA,NA,36040.375372805,NA,NA,392835718.140745,NA,NA,26769.9696647843,398.731059736449,674403.325256154,656726.820465326,242867117.537311,257384286.838874,NA,NA,NA,NA,NA,NA,NA,NA,NA,NA,NA,NA,0.000436540212971345,693.135230972354,693.135230972354,0.000873080425942689,0.000873080425942689,30592.473761367,465.960399728344,533698.195010778,546997.983428663,222371770.310857,230437618.08287,NA,NA,NA,NA,NA,NA,NA,NA,NA,NA,NA,NA
1221.72784427615,56465,1527.15980534519,1587792.39661445,2.13941145833333,2658.197283344,0.2012827,20226,1.420384516e-05,"gamma","0.808080808080808",17276,NA,NA,18183,NA,NA,17469,NA,NA,507.179461057055,NA,NA,369.683742290433,NA,NA,479.293188951305,NA,NA,813248.309591479,NA,NA,36040.375372805,NA,NA,392835718.140745,NA,NA,23173.6418272443,353.341562568479,616496.139172052,591539.019168957,190827567.578776,209132747.364545,NA,NA,NA,NA,NA,NA,NA,NA,NA,NA,NA,NA,0.0014551340432378,577.612692476962,577.612692476962,0.00181891755404726,0.00181891755404726,31695.0395465182,496.220575853746,272812.122490472,285080.707072566,107355893.706523,114344913.919936,NA,NA,NA,NA,NA,NA,NA,NA,NA,NA,NA,NA
1374.44382481067,56465,1527.15980534519,1587792.39661445,2.13941145833333,2658.197283344,0.2012827,20226,1.420384516e-05,"gamma","0.909090909090909",17276,NA,NA,18253,NA,NA,17305,NA,NA,507.179461057055,NA,NA,358.391569854459,NA,NA,503.036626013225,NA,NA,813248.309591479,NA,NA,36040.375372805,NA,NA,392835718.140745,NA,NA,22173.1598774276,339.924529075737,601466.149069272,573264.026668336,176631325.084641,196553645.384288,NA,NA,NA,NA,NA,NA,NA,NA,NA,NA,NA,NA,0.0031017330921648,547.212024451858,547.212024451858,0.00344637010240533,0.00344637010240533,32069.6441546199,531.230860345287,154143.339282872,166118.043226997,51889748.2143387,59496014.3651166,NA,NA,NA,NA,NA,NA,NA,NA,NA,NA,NA,NA
1511.88820729174,56465,1527.15980534519,1587792.39661445,2.13941145833333,13290.98641672,0.2012827,20226,1.420384516e-05,"c","5",17300,NA,NA,18338,NA,NA,17041,NA,NA,503.752102119055,NA,NA,344.54853278497,NA,NA,540.13330826063,NA,NA,818482.434400084,NA,NA,35701.617023982,NA,NA,387632119.905025,NA,NA,20992.7476617657,330.599355933079,583085.080986976,561782.458781117,167128052.746587,181748911.642235,NA,NA,NA,NA,NA,NA,NA,NA,NA,NA,NA,NA,0.0325759907669608,522.463741938951,522.463741938951,0.0329050411787482,0.0329050411787482,14900.1710687593,821.37858953362,24963.289701444,34391.3691280257,-25874830.3729247,1264956.1393081,NA,NA,NA,NA,NA,NA,NA,NA,NA,NA,NA,NA
1511.88820729174,56465,1527.15980534519,1587792.39661445,2.13941145833333,26581.97283344,0.2012827,20226,1.420384516e-05,"c","10",17329,NA,NA,18372,NA,NA,17531,NA,NA,499.595414335266,NA,NA,338.971053455829,NA,NA,470.17756857122,NA,NA,824830.360906856,NA,NA,35284.5360621692,NA,NA,381173241.768389,NA,NA,20564.6178640188,333.360541382691,574693.705833812,566125.557308312,169929282.132014,175918847.033498,NA,NA,NA,NA,NA,NA,NA,NA,NA,NA,NA,NA,0.0325759907669608,522.463741938951,522.463741938951,0.0329050411787482,0.0329050411787482,8666.65522031243,897.508294513971,27276.9079876754,39065.3454638468,-26196554.6820983,479338.652365655,NA,NA,NA,NA,NA,NA,NA,NA,NA,NA,NA,NA
1511.88820729174,56465,1527.15980534519,1587792.39661445,2.13941145833333,53163.94566688,0.2012827,20226,1.420384516e-05,"c","20",17388,NA,NA,18439,NA,NA,18504,NA,NA,491.087035578404,NA,NA,327.91279528187,NA,NA,317.099248943815,NA,NA,837824.014952988,NA,NA,34454.0640861963,NA,NA,368416443.166741,NA,NA,19719.2299373827,338.885246032087,557903.863148659,574660.54890052,175552040.146148,164539221.08677,NA,NA,NA,NA,NA,NA,NA,NA,NA,NA,NA,NA,0.0325759907669608,522.463741938951,522.463741938951,0.0329050411787482,0.0329050411787482,-2696.60703285234,1061.67418588392,32265.9882467809,49144.2954822416,-25691466.1022942,57598.4049679208,NA,NA,NA,NA,NA,NA,NA,NA,NA,NA,NA,NA
1511.88820729174,56465,1527.15980534519,1587792.39661445,2.13941145833333,79745.91850032,0.2012827,20226,1.420384516e-05,"c","30",17446,NA,NA,18507,NA,NA,19462,NA,NA,482.655334523682,NA,NA,316.598132046826,NA,NA,147.971226404311,NA,NA,850700.569894446,NA,NA,33637.5373823165,NA,NA,355870038.313406,NA,NA,18883.2305110762,344.411966049552,541107.895663182,583584.064984688,181399820.503715,153535820.52407,NA,NA,NA,NA,NA,NA,NA,NA,NA,NA,NA,NA,0.0325759907669608,522.463741938951,522.463741938951,0.0329050411787482,0.0329050411787482,-12733.0947338923,1240.15213909692,37690.0189368951,60101.9332400482,-23283832.9269137,1571558.18759726,NA,NA,NA,NA,NA,NA,NA,NA,NA,NA,NA,NA
1511.88820729174,56465,1527.15980534519,1587792.39661445,2.13941145833333,106327.89133376,0.2012827,20226,1.420384516e-05,"c","40",17504,NA,NA,18573,NA,NA,NA,NA,NA,474.156678559161,NA,NA,305.528240357772,NA,NA,NA,NA,NA,863679.37568292,NA,NA,32830.8358404252,NA,NA,343536304.244431,NA,NA,18062.4068270401,349.941943744529,524302.027939336,592128.850558114,187213894.556533,142907336.861443,NA,NA,NA,NA,NA,NA,NA,NA,NA,NA,NA,NA,0.0325759907669608,522.463741938951,522.463741938951,0.0329050411787482,0.0329050411787482,NA,NA,NA,NA,NA,NA,NA,NA,NA,NA,NA,NA,NA,NA,NA,NA,NA,NA
1511.88820729174,56465,1527.15980534519,1587792.39661445,2.13941145833333,119618.87775048,0.2012827,20226,1.420384516e-05,"c","45",17532,NA,NA,18606,NA,NA,NA,NA,NA,470.029915480154,NA,NA,299.960782371403,NA,NA,NA,NA,NA,869981.602383362,NA,NA,32434.7443632741,NA,NA,337447627.886961,NA,NA,17656.0720781339,352.707807794976,515896.4342936,596449.571372001,190172657.207829,137734378.723247,NA,NA,NA,NA,NA,NA,NA,NA,NA,NA,NA,NA,0.0325759907669608,522.463741938951,522.463741938951,0.0329050411787482,0.0329050411787482,NA,NA,NA,NA,NA,NA,NA,NA,NA,NA,NA,NA,NA,NA,NA,NA,NA,NA
1511.88820729174,56465,1527.15980534519,1587792.39661445,2.13941145833333,132909.8641672,0.2012827,20226,1.420384516e-05,"c","50",17561,NA,NA,18639,NA,NA,NA,NA,NA,465.739317876768,NA,NA,294.371649623806,NA,NA,NA,NA,NA,876534.030584163,NA,NA,32037.3896852857,NA,NA,331413940.00514,NA,NA,17252.4279455862,355.474249422471,507489.085363487,600802.5197781,193166266.045014,132655707.204686,NA,NA,NA,NA,NA,NA,NA,NA,NA,NA,NA,NA,0.0325759907669608,522.463741938951,522.463741938951,0.0329050411787482,0.0329050411787482,NA,NA,NA,NA,NA,NA,NA,NA,NA,NA,NA,NA,NA,NA,NA,NA,NA,NA
1511.88820729174,56465,1527.15980534519,793896.198307225,2.13941145833333,2658.197283344,0.2012827,20226,1.420384516e-05,"alpha","0.5",18874,NA,NA,19287,NA,NA,17507,NA,NA,253.943492884881,NA,NA,180.229849172901,NA,NA,473.7152717482,NA,NA,406083.903144472,NA,NA,15128.4044293008,NA,NA,98605573.0033718,NA,NA,9609.38029003618,152.009939107642,331930.694961085,288834.382598965,35387966.3775283,49845593.5559923,NA,NA,NA,NA,NA,NA,NA,NA,NA,NA,NA,NA,0.0325759907669608,261.231870969475,261.231870969475,0.0329050411787482,0.0329050411787482,8962.4100081675,383.984839965459,11670.6836477961,15556.7730429504,-17200338.3958632,509810.992073114,NA,NA,NA,NA,NA,NA,NA,NA,NA,NA,NA,NA
1511.88820729174,56465,1527.15980534519,952675.43796867,2.13941145833333,2658.197283344,0.2012827,20226,1.420384516e-05,"alpha","0.6",18577,NA,NA,19100,NA,NA,17335,NA,NA,304.854551360482,NA,NA,214.026822694551,NA,NA,498.733320113196,NA,NA,487113.820654401,NA,NA,18738.1480010043,NA,NA,141976092.014674,NA,NA,11765.6480292106,187.245481475192,383627.429616243,342728.041772804,53678043.3409894,70265904.0456747,NA,NA,NA,NA,NA,NA,NA,NA,NA,NA,NA,NA,0.0325759907669608,313.478245163374,313.478245163374,0.0329050411787482,0.0329050411787482,11108.6816461664,458.865989640149,13946.3577388242,18550.263735316,-19510358.8593299,752892.685646024,NA,NA,NA,NA,NA,NA,NA,NA,NA,NA,NA,NA
1511.88820729174,56465,1527.15980534519,1270233.91729156,2.13941145833333,2658.197283344,0.2012827,20226,1.420384516e-05,"alpha","0.8",17952,NA,NA,18714,NA,NA,16992,NA,NA,406.255960997212,NA,NA,281.588466581311,NA,NA,546.866048382557,NA,NA,649816.142974735,NA,NA,26735.4907357421,NA,NA,252050320.662256,NA,NA,16347.2933473843,257.774334262606,486845.339041981,450477.353365682,101660019.413043,121497500.200518,NA,NA,NA,NA,NA,NA,NA,NA,NA,NA,NA,NA,0.0325759907669608,417.970993551165,417.970993551165,0.0329050411787482,0.0329050411787482,15542.1741183707,610.14872334637,18543.9126509854,24630.5920495522,-23137503.0339074,1360549.00771388,NA,NA,NA,NA,NA,NA,NA,NA,NA,NA,NA,NA
1511.88820729174,56465,1527.15980534519,1905350.87593734,2.13941145833333,2658.197283344,0.2012827,20226,1.420384516e-05,"alpha","1.2",16534,NA,NA,17888,NA,NA,16305,NA,NA,607.485718054267,NA,NA,416.200636018432,NA,NA,636.229924579428,NA,NA,977623.105003603,NA,NA,47132.1480789496,NA,NA,563645150.224973,NA,NA,26810.1859629926,399.111016909301,692433.333177624,666334.7537855,243509899.921167,265064188.47715,NA,NA,NA,NA,NA,NA,NA,NA,NA,NA,NA,NA,0.0325759907669608,626.956490326747,626.956490326747,0.0329050411787482,0.0329050411787482,25000.8731021308,919.097074656487,27933.001381549,37183.1252562898,-26223676.4643212,2984738.01022968,NA,NA,NA,NA,NA,NA,NA,NA,NA,NA,NA,NA
1511.88820729174,56465,1527.15980534519,2381688.59492168,2.13941145833333,2658.197283344,0.2012827,20226,1.420384516e-05,"alpha","1.5",15240,NA,NA,17211,NA,NA,15792,NA,NA,756.194801894987,NA,NA,516.404321039528,NA,NA,696.833900450193,NA,NA,1226858.28845669,NA,NA,69061.2167396161,NA,NA,873510012.313611,NA,NA,36140.1038860559,505.431820825752,845657.024317713,828900.263027093,390498055.465505,408012067.165121,NA,NA,NA,NA,NA,NA,NA,NA,NA,NA,NA,NA,0.0325759907669608,783.695612908442,783.695612908442,0.0329050411787482,0.0329050411787482,32634.649272995,1156.63070112703,35151.7623361456,46954.9886091687,-24651545.0224309,4475268.46219136,NA,NA,NA,NA,NA,NA,NA,NA,NA,NA,NA,NA
1511.88820729174,56465,1527.15980534519,2540467.83458312,2.13941145833333,2658.197283344,0.2012827,20226,1.420384516e-05,"alpha","1.6",14736,NA,NA,16971,NA,NA,15622,NA,NA,805.097362351824,NA,NA,549.736879463735,NA,NA,715.761599653792,NA,NA,1310955.50340998,NA,NA,78637.1455068882,NA,NA,989996151.904081,NA,NA,39618.9722126616,540.951277226229,896490.930595341,883073.911992471,447227726.242408,462216977.48328,NA,NA,NA,NA,NA,NA,NA,NA,NA,NA,NA,NA,0.0325759907669608,835.94198710233,835.94198710233,0.0329050411787482,0.0329050411787482,35284.8223725692,1236.94749084268,37592.6281378127,50282.199929088,-23344133.0211826,5009969.21341211,NA,NA,NA,NA,NA,NA,NA,NA,NA,NA,NA,NA
1511.88820729174,56465,1527.15980534519,1587792.39661445,1.03965364583333,2658.197283344,0.2012827,20226,1.420384516e-05,"W","0.485953107235975",17234,NA,NA,18281,NA,NA,15400,NA,NA,513.149753138811,NA,NA,353.847393467393,NA,NA,739.612912937803,NA,NA,804130.719498051,NA,NA,17806.5569596531,NA,NA,402137996.613919,NA,NA,10547.1084146959,326.074587332385,596836.070010558,554422.55679953,162509604.530625,191508313.60185,NA,NA,NA,NA,NA,NA,NA,NA,NA,NA,NA,NA,0.0325759907669608,522.463741938951,522.463741938951,0.0329050411787482,0.0329050411787482,14293.9150738415,700.141783570259,21278.8449592303,26948.046416483,-24635297.3472241,3287828.8629319,NA,NA,NA,NA,NA,NA,NA,NA,NA,NA,NA,NA
1511.88820729174,56465,1527.15980534519,1587792.39661445,3.4708125,2658.197283344,0.2012827,20226,1.420384516e-05,"W","1.62232116990898",17325,NA,NA,18345,NA,NA,17427,NA,NA,500.169745749407,NA,NA,343.402109084915,NA,NA,485.424817685509,NA,NA,823953.265056232,NA,NA,57339.4262055325,NA,NA,382107499.00657,NA,NA,33928.8702818801,331.093797494358,581582.449342808,562785.690610045,167701875.10634,180697716.95117,NA,NA,NA,NA,NA,NA,NA,NA,NA,NA,NA,NA,0.0325759907669608,522.463741938951,522.463741938951,0.0329050411787482,0.0329050411787482,24462.1077966138,809.827187806727,24612.2370568311,33682.1718661816,-25795233.4381408,1416828.4127499,NA,NA,NA,NA,NA,NA,NA,NA,NA,NA,NA,NA
1511.88820729174,56465,1527.15980534519,1587792.39661445,4.27882291666666,2658.197283344,0.2012827,20226,1.420384516e-05,"W","2",17354,NA,NA,18365,NA,NA,17739,NA,NA,495.998628028162,NA,NA,340.121238891303,NA,NA,439.037246052165,NA,NA,830323.228383481,NA,NA,69874.0605640839,NA,NA,375863281.718012,NA,NA,41332.7058905574,332.683130545294,576752.38989294,565393.209799114,169349620.134722,177339998.49015,NA,NA,NA,NA,NA,NA,NA,NA,NA,NA,NA,NA,0.0325759907669608,522.463741938951,522.463741938951,0.0329050411787482,0.0329050411787482,26320.9244417489,829.878445752153,25221.6044129303,34913.2170300182,-25928220.5698171,1158701.24267585,NA,NA,NA,NA,NA,NA,NA,NA,NA,NA,NA,NA
1511.88820729174,56465,1527.15980534519,1587792.39661445,8.55764583333332,2658.197283344,0.2012827,20226,1.420384516e-05,"W","4",17493,NA,NA,18465,NA,NA,18634,NA,NA,475.773637640478,NA,NA,323.597467751187,NA,NA,295.219881154237,NA,NA,861210.020767045,NA,NA,131905.620988357,NA,NA,345719107.038849,NA,NA,77833.9316604741,340.518610367111,552939.990512394,578781.279375946,177770419.227477,161245107.287727,NA,NA,NA,NA,NA,NA,NA,NA,NA,NA,NA,NA,0.0325759907669608,522.463741938951,522.463741938951,0.0329050411787482,0.0329050411787482,32077.2890509031,891.972978802607,27108.687085556,38725.505257545,-26185037.876958,523856.515003324,NA,NA,NA,NA,NA,NA,NA,NA,NA,NA,NA,NA
1511.88820729174,56465,1527.15980534519,1587792.39661445,12.83646875,2658.197283344,0.2012827,20226,1.420384516e-05,"W","6",17617,NA,NA,18552,NA,NA,19045,NA,NA,457.406655951404,NA,NA,309.05988296102,NA,NA,223.834652150277,NA,NA,889259.33694811,NA,NA,187605.684521827,NA,NA,319725173.662161,NA,NA,110431.792904894,347.51618041106,531674.039177041,590402.950905141,185347984.804228,147518287.774944,NA,NA,NA,NA,NA,NA,NA,NA,NA,NA,NA,NA,0.0325759907669608,522.463741938951,522.463741938951,0.0329050411787482,0.0329050411787482,34931.9409641336,922.766420429245,28044.5145613328,40616.0658146698,-26225469.6151004,301286.376648917,NA,NA,NA,NA,NA,NA,NA,NA,NA,NA,NA,NA
1511.88820729174,56465,763.579902672595,1587792.39661445,2.13941145833333,2658.197283344,0.2012827,20226,1.420384516e-05,"beta","0.5",12629,NA,NA,16355,NA,NA,1274,NA,NA,954.789284160244,NA,NA,630.042964498838,NA,NA,240.281825201701,NA,NA,858734.487942534,NA,NA,126968.750720414,NA,NA,696144066.133981,NA,NA,9557.59495238431,-937.577873136863,3721220.94754557,2524217.18091617,-1213871280.47209,1582668801.74942,NA,NA,NA,NA,NA,NA,NA,NA,NA,NA,NA,NA,-0.000887908801893502,697.787145274181,697.787145274181,-0.000448438788835101,-0.000448438788835101,3199570.12182319,-830.338007968683,1851620.70447157,2656200.38263904,-1490586011.64454,-133700458.675192,NA,NA,NA,NA,NA,NA,NA,NA,NA,NA,NA,NA
1511.88820729174,56465,1221.72784427615,1587792.39661445,2.13941145833333,2658.197283344,0.2012827,20226,1.420384516e-05,"beta","0.8",16369,NA,NA,17959,NA,NA,2491,6139,15414,628.301698970093,NA,NA,405.163316181306,NA,NA,439.644218980001,860.622298788248,738.137755359122,820178.716376676,NA,NA,49737.537722573,NA,NA,482399351.635571,NA,NA,25183.1463301681,375.409230934426,561567.697025347,525216.302598267,172732486.864425,201518087.767804,NA,NA,NA,NA,NA,NA,NA,NA,NA,NA,NA,NA,-0.00190609296166551,580.839579027112,580.839579027112,-0.0015402771407398,-0.0015402771407398,3914340778.31518,-3021648.25819347,1961756219.13761,3170819828.50053,-5927566645188475,-851507338715788,513627.819352876,363.113558357162,-235744.399770933,-76274.1861381242,-106105194.936234,-540833806.385577,69891.7202400288,705.738688699451,-458188.219314814,-435779.349037324,-363210688.134188,-398005523.384041
1511.88820729174,56465,1832.59176641423,1587792.39661445,2.13941145833333,2658.197283344,0.2012827,20226,1.420384516e-05,"beta","1.2",17833,NA,NA,18563,NA,NA,17942,NA,NA,424.681707362617,NA,NA,307.211069615658,NA,NA,407.81519037702,NA,NA,809524.196354981,NA,NA,28327.1382081548,NA,NA,330631212.67965,NA,NA,18449.5561218927,290.995020242639,614565.378964781,584847.980400019,155270148.701829,173187238.120441,NA,NA,NA,NA,NA,NA,NA,NA,NA,NA,NA,NA,0.00140957211624798,474.750158200242,474.750158200242,0.00170857226211876,0.00170857226211876,25365.5760684497,415.94216421085,243445.491724044,253364.986715829,77773070.3929077,86759014.153118,NA,NA,NA,NA,NA,NA,NA,NA,NA,NA,NA,NA
1511.88820729174,56465,2290.73970801779,1587792.39661445,2.13941145833333,2658.197283344,0.2012827,20226,1.420384516e-05,"beta","1.5",18358,NA,NA,18836,NA,NA,18534,NA,NA,341.270449062039,NA,NA,260.555310130921,NA,NA,312.080019112311,NA,NA,806030.627774975,NA,NA,21478.1666889871,NA,NA,266837406.526961,NA,NA,15313.4194208724,248.199035822357,643983.814443447,615678.806241659,141184921.280903,155735782.137409,NA,NA,NA,NA,NA,NA,NA,NA,NA,NA,NA,NA,0.000510482885473222,417.551343959249,417.551343959249,0.00077345891738367,0.00077345891738367,18789.3444479685,314.676727056995,406844.692245757,414907.226731213,110256334.783132,119739580.076241,NA,NA,NA,NA,NA,NA,NA,NA,NA,NA,NA,NA
1511.88820729174,0.01,1527.15980534519,1587792.39661445,2.13941145833333,5,0.2012827,20226,1.420384516e-05,"c and v","5  and  0.01",17271,NA,NA,18375,NA,NA,18564,NA,NA,507.892051175393,NA,NA,338.477818290196,NA,NA,307.042876254998,NA,NA,812160.070605068,NA,NA,36121.1296794194,NA,NA,394141470.038451,NA,NA,21262.8462833741,352.292129869763,517159.699466114,538256.360848944,189549154.378784,174989144.491243,NA,NA,NA,NA,NA,NA,NA,NA,NA,NA,NA,NA,0.0325759907669608,522.463741938951,522.463741938951,0.0329050411787482,0.0329050411787482,18903.8530198211,721.249358575839,21920.3142979532,28243.9440704686,15810005.414686,2867474.43809802,NA,NA,NA,NA,NA,NA,NA,NA,NA,NA,NA,NA
1511.88820729174,0.05,1527.15980534519,1587792.39661445,2.13941145833333,5,0.2012827,20226,1.420384516e-05,"c and v","5  and  0.05",17271,NA,NA,18375,NA,NA,18564,NA,NA,507.892051175393,NA,NA,338.477818290196,NA,NA,307.042876254998,NA,NA,812160.070605068,NA,NA,36121.1296794194,NA,NA,394141470.038451,NA,NA,21262.8462833741,352.29211252322,517159.752183092,538256.387074978,189549140.286423,174989153.368174,NA,NA,NA,NA,NA,NA,NA,NA,NA,NA,NA,NA,0.0325759907669608,522.463741938951,522.463741938951,0.0329050411787482,0.0329050411787482,18903.8530198211,721.249358575839,21920.3142979532,28243.9440704686,15809976.5647116,2867474.43809802,NA,NA,NA,NA,NA,NA,NA,NA,NA,NA,NA,NA
1511.88820729174,0.1,1527.15980534519,1587792.39661445,2.13941145833333,5,0.2012827,20226,1.420384516e-05,"c and v","5  and  0.1",17271,NA,NA,18375,NA,NA,18564,NA,NA,507.892051175393,NA,NA,338.477818290196,NA,NA,307.042876254998,NA,NA,812160.070605068,NA,NA,36121.1296794194,NA,NA,394141470.038451,NA,NA,21262.8462833741,352.292090840041,517159.818079314,538256.419857521,189549122.670971,174989164.464338,NA,NA,NA,NA,NA,NA,NA,NA,NA,NA,NA,NA,0.0325759907669608,522.463741938951,522.463741938951,0.0329050411787482,0.0329050411787482,18903.8530198211,721.249358575839,21920.3142979532,28243.9440704686,15809940.5022437,2867474.43809802,NA,NA,NA,NA,NA,NA,NA,NA,NA,NA,NA,NA
1511.88820729174,0.5,1527.15980534519,1587792.39661445,2.13941145833333,5,0.2012827,20226,1.420384516e-05,"c and v","5  and  0.5",17271,NA,NA,18375,NA,NA,18564,NA,NA,507.892051175393,NA,NA,338.477818290196,NA,NA,307.042876254998,NA,NA,812160.070605068,NA,NA,36121.1296794194,NA,NA,394141470.038451,NA,NA,21262.8462833741,352.29191737461,517160.345249087,538256.68211786,189548981.747388,174989253.233645,NA,NA,NA,NA,NA,NA,NA,NA,NA,NA,NA,NA,0.0325759907669608,522.463741938951,522.463741938951,0.0329050411787482,0.0329050411787482,18903.8530198211,721.249358575839,21920.3142979532,28243.9440704686,15809652.0025003,2867474.43809802,NA,NA,NA,NA,NA,NA,NA,NA,NA,NA,NA,NA
1511.88820729174,0.6,1527.15980534519,1587792.39661445,2.13941145833333,5,0.2012827,20226,1.420384516e-05,"c and v","5  and  0.6",17271,NA,NA,18375,NA,NA,18564,NA,NA,507.892051175393,NA,NA,338.477818290196,NA,NA,307.042876254998,NA,NA,812160.070605068,NA,NA,36121.1296794194,NA,NA,394141470.038451,NA,NA,21262.8462833741,352.291874008252,517160.477041531,538256.747682945,189548946.516499,174989275.425972,NA,NA,NA,NA,NA,NA,NA,NA,NA,NA,NA,NA,0.0325759907669608,522.463741938951,522.463741938951,0.0329050411787482,0.0329050411787482,18903.8530198211,721.249358575839,21920.3142979532,28243.9440704686,15809579.8775644,2867474.43809802,NA,NA,NA,NA,NA,NA,NA,NA,NA,NA,NA,NA
1511.88820729174,0.7,1527.15980534519,1587792.39661445,2.13941145833333,5,0.2012827,20226,1.420384516e-05,"c and v","5  and  0.7",17271,NA,NA,18375,NA,NA,18564,NA,NA,507.892051175393,NA,NA,338.477818290196,NA,NA,307.042876254998,NA,NA,812160.070605068,NA,NA,36121.1296794194,NA,NA,394141470.038451,NA,NA,21262.8462833741,352.291830641895,517160.608833974,538256.81324803,189548911.285613,174989297.618299,NA,NA,NA,NA,NA,NA,NA,NA,NA,NA,NA,NA,0.0325759907669608,522.463741938951,522.463741938951,0.0329050411787482,0.0329050411787482,18903.8530198211,721.249358575839,21920.3142979532,28243.9440704686,15809507.7526286,2867474.43809802,NA,NA,NA,NA,NA,NA,NA,NA,NA,NA,NA,NA
1511.88820729174,0.8,1527.15980534519,1587792.39661445,2.13941145833333,5,0.2012827,20226,1.420384516e-05,"c and v","5  and  0.8",17271,NA,NA,18375,NA,NA,18564,NA,NA,507.892051175393,NA,NA,338.477818290196,NA,NA,307.042876254998,NA,NA,812160.070605068,NA,NA,36121.1296794194,NA,NA,394141470.038451,NA,NA,21262.8462833741,352.291787275537,517160.740626418,538256.878813115,189548876.054731,174989319.810626,NA,NA,NA,NA,NA,NA,NA,NA,NA,NA,NA,NA,0.0325759907669608,522.463741938951,522.463741938951,0.0329050411787482,0.0329050411787482,18903.8530198211,721.249358575839,21920.3142979532,28243.9440704686,15809435.6276927,2867474.43809802,NA,NA,NA,NA,NA,NA,NA,NA,NA,NA,NA,NA
1511.88820729174,1.2,1527.15980534519,1587792.39661445,2.13941145833333,5,0.2012827,20226,1.420384516e-05,"c and v","5  and  1.2",17271,NA,NA,18375,NA,NA,18564,NA,NA,507.892051175393,NA,NA,338.477818290196,NA,NA,307.042876254998,NA,NA,812160.070605068,NA,NA,36121.1296794194,NA,NA,394141470.038451,NA,NA,21262.8462833741,352.291613810106,517161.267796191,538257.141073455,189548735.131229,174989408.579934,NA,NA,NA,NA,NA,NA,NA,NA,NA,NA,NA,NA,0.0325759907669608,522.463741938951,522.463741938951,0.0329050411787482,0.0329050411787482,18903.8530198211,721.249358575839,21920.3142979532,28243.9440704686,15809147.1279493,2867474.43809802,NA,NA,NA,NA,NA,NA,NA,NA,NA,NA,NA,NA
1511.88820729174,0.01,1527.15980534519,1587792.39661445,2.13941145833333,10,0.2012827,20226,1.420384516e-05,"c and v","10  and  0.01",17271,NA,NA,18375,NA,NA,18564,NA,NA,507.892051175393,NA,NA,338.477818290196,NA,NA,307.042876254998,NA,NA,812160.070605068,NA,NA,36121.0159326742,NA,NA,394138988.349263,NA,NA,21262.713694008,352.293174725025,517156.524100807,538254.781144595,189549154.41787,174986962.28583,NA,NA,NA,NA,NA,NA,NA,NA,NA,NA,NA,NA,0.0325759907669608,522.463741938951,522.463741938951,0.0329050411787482,0.0329050411787482,18901.8223056237,721.281388585737,21921.2877053325,28245.9105500227,15811409.6228758,2866858.40407766,NA,NA,NA,NA,NA,NA,NA,NA,NA,NA,NA,NA
1511.88820729174,0.05,1527.15980534519,1587792.39661445,2.13941145833333,10,0.2012827,20226,1.420384516e-05,"c and v","10  and  0.05",17271,NA,NA,18375,NA,NA,18564,NA,NA,507.892051175393,NA,NA,338.477818290196,NA,NA,307.042876254998,NA,NA,812160.070605068,NA,NA,36121.0159326742,NA,NA,394138988.349263,NA,NA,21262.713694008,352.293157378482,517156.576817785,538254.80737063,189549140.325522,174986971.162761,NA,NA,NA,NA,NA,NA,NA,NA,NA,NA,NA,NA,0.0325759907669608,522.463741938951,522.463741938951,0.0329050411787482,0.0329050411787482,18901.8223056237,721.281388585737,21921.2877053325,28245.9105500227,15811380.7716202,2866858.40407766,NA,NA,NA,NA,NA,NA,NA,NA,NA,NA,NA,NA
1511.88820729174,0.1,1527.15980534519,1587792.39661445,2.13941145833333,10,0.2012827,20226,1.420384516e-05,"c and v","10  and  0.1",17271,NA,NA,18375,NA,NA,18564,NA,NA,507.892051175393,NA,NA,338.477818290196,NA,NA,307.042876254998,NA,NA,812160.070605068,NA,NA,36121.0159326742,NA,NA,394138988.349263,NA,NA,21262.713694008,352.293135695303,517156.642714007,538254.840153172,189549122.710088,174986982.258924,NA,NA,NA,NA,NA,NA,NA,NA,NA,NA,NA,NA,0.0325759907669608,522.463741938951,522.463741938951,0.0329050411787482,0.0329050411787482,18901.8223056237,721.281388585737,21921.2877053325,28245.9105500227,15811344.7075508,2866858.40407766,NA,NA,NA,NA,NA,NA,NA,NA,NA,NA,NA,NA
1511.88820729174,0.5,1527.15980534519,1587792.39661445,2.13941145833333,10,0.2012827,20226,1.420384516e-05,"c and v","10  and  0.5",17271,NA,NA,18375,NA,NA,18564,NA,NA,507.892051175393,NA,NA,338.477818290196,NA,NA,307.042876254998,NA,NA,812160.070605068,NA,NA,36121.0159326742,NA,NA,394138988.349263,NA,NA,21262.713694008,352.292962229872,517157.169883781,538255.102413512,189548981.78664,174987071.028232,NA,NA,NA,NA,NA,NA,NA,NA,NA,NA,NA,NA,0.0325759907669608,522.463741938951,522.463741938951,0.0329050411787482,0.0329050411787482,18901.8223056237,721.281388585737,21921.2877053325,28245.9105500227,15811056.1949954,2866858.40407766,NA,NA,NA,NA,NA,NA,NA,NA,NA,NA,NA,NA
1511.88820729174,0.6,1527.15980534519,1587792.39661445,2.13941145833333,10,0.2012827,20226,1.420384516e-05,"c and v","10  and  0.6",17271,NA,NA,18375,NA,NA,18564,NA,NA,507.892051175393,NA,NA,338.477818290196,NA,NA,307.042876254998,NA,NA,812160.070605068,NA,NA,36121.0159326742,NA,NA,394138988.349263,NA,NA,21262.713694008,352.292918863514,517157.301676224,538255.167978597,189548946.555785,174987093.220559,NA,NA,NA,NA,NA,NA,NA,NA,NA,NA,NA,NA,0.0325759907669608,522.463741938951,522.463741938951,0.0329050411787482,0.0329050411787482,18901.8223056237,721.281388585737,21921.2877053325,28245.9105500227,15810984.0668565,2866858.40407766,NA,NA,NA,NA,NA,NA,NA,NA,NA,NA,NA,NA
1511.88820729174,0.7,1527.15980534519,1587792.39661445,2.13941145833333,10,0.2012827,20226,1.420384516e-05,"c and v","10  and  0.7",17271,NA,NA,18375,NA,NA,18564,NA,NA,507.892051175393,NA,NA,338.477818290196,NA,NA,307.042876254998,NA,NA,812160.070605068,NA,NA,36121.0159326742,NA,NA,394138988.349263,NA,NA,21262.713694008,352.292875497157,517157.433468667,538255.233543682,189548911.324933,174987115.412885,NA,NA,NA,NA,NA,NA,NA,NA,NA,NA,NA,NA,0.0325759907669608,522.463741938951,522.463741938951,0.0329050411787482,0.0329050411787482,18901.8223056237,721.281388585737,21921.2877053325,28245.9105500227,15810911.9387176,2866858.40407766,NA,NA,NA,NA,NA,NA,NA,NA,NA,NA,NA,NA
1511.88820729174,0.8,1527.15980534519,1587792.39661445,2.13941145833333,10,0.2012827,20226,1.420384516e-05,"c and v","10  and  0.8",17271,NA,NA,18375,NA,NA,18564,NA,NA,507.892051175393,NA,NA,338.477818290196,NA,NA,307.042876254998,NA,NA,812160.070605068,NA,NA,36121.0159326742,NA,NA,394138988.349263,NA,NA,21262.713694008,352.292832130799,517157.565261111,538255.299108767,189548876.094084,174987137.605212,NA,NA,NA,NA,NA,NA,NA,NA,NA,NA,NA,NA,0.0325759907669608,522.463741938951,522.463741938951,0.0329050411787482,0.0329050411787482,18901.8223056237,721.281388585737,21921.2877053325,28245.9105500227,15810839.8105788,2866858.40407766,NA,NA,NA,NA,NA,NA,NA,NA,NA,NA,NA,NA
1511.88820729174,1.2,1527.15980534519,1587792.39661445,2.13941145833333,10,0.2012827,20226,1.420384516e-05,"c and v","10  and  1.2",17271,NA,NA,18375,NA,NA,18564,NA,NA,507.892051175393,NA,NA,338.477818290196,NA,NA,307.042876254998,NA,NA,812160.070605068,NA,NA,36121.0159326742,NA,NA,394138988.349263,NA,NA,21262.713694008,352.292658665368,517158.092430884,538255.561369106,189548735.170718,174987226.37452,NA,NA,NA,NA,NA,NA,NA,NA,NA,NA,NA,NA,0.0325759907669608,522.463741938951,522.463741938951,0.0329050411787482,0.0329050411787482,18901.8223056237,721.281388585737,21921.2877053325,28245.9105500227,15810551.2980233,2866858.40407766,NA,NA,NA,NA,NA,NA,NA,NA,NA,NA,NA,NA
1511.88820729174,0.01,1527.15980534519,1587792.39661445,2.13941145833333,20,0.2012827,20226,1.420384516e-05,"c and v","20  and  0.01",17271,NA,NA,18375,NA,NA,18564,NA,NA,507.892051175393,NA,NA,338.477818290196,NA,NA,307.042876254998,NA,NA,812160.070605068,NA,NA,36120.7884391839,NA,NA,394134024.970887,NA,NA,21262.4485152758,352.295264435549,517150.173370194,538251.621735899,189549154.486039,174982597.875003,NA,NA,NA,NA,NA,NA,NA,NA,NA,NA,NA,NA,0.0325759907669608,522.463741938951,522.463741938951,0.0329050411787482,0.0329050411787482,18897.7608772289,721.345448605533,21923.234520091,28249.8435091307,15814218.2263248,2865626.53457681,NA,NA,NA,NA,NA,NA,NA,NA,NA,NA,NA,NA
1511.88820729174,0.05,1527.15980534519,1587792.39661445,2.13941145833333,20,0.2012827,20226,1.420384516e-05,"c and v","20  and  0.05",17271,NA,NA,18375,NA,NA,18564,NA,NA,507.892051175393,NA,NA,338.477818290196,NA,NA,307.042876254998,NA,NA,812160.070605068,NA,NA,36120.7884391839,NA,NA,394134024.970887,NA,NA,21262.4485152758,352.295247089005,517150.226087172,538251.647961932,189549140.393718,174982606.751934,NA,NA,NA,NA,NA,NA,NA,NA,NA,NA,NA,NA,0.0325759907669608,522.463741938951,522.463741938951,0.0329050411787482,0.0329050411787482,18897.7608772289,721.345448605533,21923.234520091,28249.8435091307,15814189.3725069,2865626.53457681,NA,NA,NA,NA,NA,NA,NA,NA,NA,NA,NA,NA
1511.88820729174,0.1,1527.15980534519,1587792.39661445,2.13941145833333,20,0.2012827,20226,1.420384516e-05,"c and v","20  and  0.1",17271,NA,NA,18375,NA,NA,18564,NA,NA,507.892051175393,NA,NA,338.477818290196,NA,NA,307.042876254998,NA,NA,812160.070605068,NA,NA,36120.7884391839,NA,NA,394134024.970887,NA,NA,21262.4485152758,352.295225405827,517150.291983394,538251.680744475,189549122.778318,174982617.848097,NA,NA,NA,NA,NA,NA,NA,NA,NA,NA,NA,NA,0.0325759907669608,522.463741938951,522.463741938951,0.0329050411787482,0.0329050411787482,18897.7608772289,721.345448605533,21923.234520091,28249.8435091307,15814153.3052344,2865626.53457681,NA,NA,NA,NA,NA,NA,NA,NA,NA,NA,NA,NA
1511.88820729174,0.5,1527.15980534519,1587792.39661445,2.13941145833333,20,0.2012827,20226,1.420384516e-05,"c and v","20  and  0.5",17271,NA,NA,18375,NA,NA,18564,NA,NA,507.892051175393,NA,NA,338.477818290196,NA,NA,307.042876254998,NA,NA,812160.070605068,NA,NA,36120.7884391839,NA,NA,394134024.970887,NA,NA,21262.4485152758,352.295051940395,517150.819153167,538251.943004815,189548981.855141,174982706.617405,NA,NA,NA,NA,NA,NA,NA,NA,NA,NA,NA,NA,0.0325759907669608,522.463741938951,522.463741938951,0.0329050411787482,0.0329050411787482,18897.7608772289,721.345448605533,21923.234520091,28249.8435091307,15813864.767055,2865626.53457681,NA,NA,NA,NA,NA,NA,NA,NA,NA,NA,NA,NA
1511.88820729174,0.6,1527.15980534519,1587792.39661445,2.13941145833333,20,0.2012827,20226,1.420384516e-05,"c and v","20  and  0.6",17271,NA,NA,18375,NA,NA,18564,NA,NA,507.892051175393,NA,NA,338.477818290196,NA,NA,307.042876254998,NA,NA,812160.070605068,NA,NA,36120.7884391839,NA,NA,394134024.970887,NA,NA,21262.4485152758,352.295008574038,517150.950945611,538252.0085699,189548946.624354,174982728.809732,NA,NA,NA,NA,NA,NA,NA,NA,NA,NA,NA,NA,0.0325759907669608,522.463741938951,522.463741938951,0.0329050411787482,0.0329050411787482,18897.7608772289,721.345448605533,21923.234520091,28249.8435091307,15813792.6325101,2865626.53457681,NA,NA,NA,NA,NA,NA,NA,NA,NA,NA,NA,NA
1511.88820729174,0.7,1527.15980534519,1587792.39661445,2.13941145833333,20,0.2012827,20226,1.420384516e-05,"c and v","20  and  0.7",17271,NA,NA,18375,NA,NA,18564,NA,NA,507.892051175393,NA,NA,338.477818290196,NA,NA,307.042876254998,NA,NA,812160.070605068,NA,NA,36120.7884391839,NA,NA,394134024.970887,NA,NA,21262.4485152758,352.29496520768,517151.082738054,538252.074134984,189548911.39357,174982751.002058,NA,NA,NA,NA,NA,NA,NA,NA,NA,NA,NA,NA,0.0325759907669608,522.463741938951,522.463741938951,0.0329050411787482,0.0329050411787482,18897.7608772289,721.345448605533,21923.234520091,28249.8435091307,15813720.4979653,2865626.53457681,NA,NA,NA,NA,NA,NA,NA,NA,NA,NA,NA,NA
1511.88820729174,0.8,1527.15980534519,1587792.39661445,2.13941145833333,20,0.2012827,20226,1.420384516e-05,"c and v","20  and  0.8",17271,NA,NA,18375,NA,NA,18564,NA,NA,507.892051175393,NA,NA,338.477818290196,NA,NA,307.042876254998,NA,NA,812160.070605068,NA,NA,36120.7884391839,NA,NA,394134024.970887,NA,NA,21262.4485152758,352.294921841322,517151.214530498,538252.13970007,189548876.162789,174982773.194385,NA,NA,NA,NA,NA,NA,NA,NA,NA,NA,NA,NA,0.0325759907669608,522.463741938951,522.463741938951,0.0329050411787482,0.0329050411787482,18897.7608772289,721.345448605533,21923.234520091,28249.8435091307,15813648.3634204,2865626.53457681,NA,NA,NA,NA,NA,NA,NA,NA,NA,NA,NA,NA
1511.88820729174,1.2,1527.15980534519,1587792.39661445,2.13941145833333,20,0.2012827,20226,1.420384516e-05,"c and v","20  and  1.2",17271,NA,NA,18375,NA,NA,18564,NA,NA,507.892051175393,NA,NA,338.477818290196,NA,NA,307.042876254998,NA,NA,812160.070605068,NA,NA,36120.7884391839,NA,NA,394134024.970887,NA,NA,21262.4485152758,352.294748375891,517151.741700271,538252.401960409,189548735.239694,174982861.963693,NA,NA,NA,NA,NA,NA,NA,NA,NA,NA,NA,NA,0.0325759907669608,522.463741938951,522.463741938951,0.0329050411787482,0.0329050411787482,18897.7608772289,721.345448605533,21923.234520091,28249.8435091307,15813359.825241,2865626.53457681,NA,NA,NA,NA,NA,NA,NA,NA,NA,NA,NA,NA
1511.88820729174,0.01,1527.15980534519,1587792.39661445,2.13941145833333,30,0.2012827,20226,1.420384516e-05,"c and v","30  and  0.01",17271,NA,NA,18375,NA,NA,18565,NA,NA,507.892051175393,NA,NA,338.477818290196,NA,NA,306.874662990977,NA,NA,812160.070605068,NA,NA,36120.5609456935,NA,NA,394129061.59251,NA,NA,21262.1833365437,352.297354146072,517143.822639581,538248.462327201,189549154.54087,174978233.464176,NA,NA,NA,NA,NA,NA,NA,NA,NA,NA,NA,NA,0.0325759907669608,522.463741938951,522.463741938951,0.0329050411787482,0.0329050411787482,18892.4906853073,721.39646956129,21924.7850714329,28252.9759360842,15816455.3324571,2864645.59470505,NA,NA,NA,NA,NA,NA,NA,NA,NA,NA,NA,NA
1511.88820729174,0.05,1527.15980534519,1587792.39661445,2.13941145833333,30,0.2012827,20226,1.420384516e-05,"c and v","30  and  0.05",17271,NA,NA,18375,NA,NA,18565,NA,NA,507.892051175393,NA,NA,338.477818290196,NA,NA,306.874662990977,NA,NA,812160.070605068,NA,NA,36120.5609456935,NA,NA,394129061.59251,NA,NA,21262.1833365437,352.297336799529,517143.875356558,538248.488553235,189549140.448576,174978242.341107,NA,NA,NA,NA,NA,NA,NA,NA,NA,NA,NA,NA,0.0325759907669608,522.463741938951,522.463741938951,0.0329050411787482,0.0329050411787482,18892.4906853073,721.39646956129,21924.7850714329,28252.9759360842,15816426.4765983,2864645.59470505,NA,NA,NA,NA,NA,NA,NA,NA,NA,NA,NA,NA
1511.88820729174,0.1,1527.15980534519,1587792.39661445,2.13941145833333,30,0.2012827,20226,1.420384516e-05,"c and v","30  and  0.1",17271,NA,NA,18375,NA,NA,18565,NA,NA,507.892051175393,NA,NA,338.477818290196,NA,NA,306.874662990977,NA,NA,812160.070605068,NA,NA,36120.5609456935,NA,NA,394129061.59251,NA,NA,21262.1833365437,352.29731511635,517143.94125278,538248.521335778,189549122.83321,174978253.43727,NA,NA,NA,NA,NA,NA,NA,NA,NA,NA,NA,NA,0.0325759907669608,522.463741938951,522.463741938951,0.0329050411787482,0.0329050411787482,18892.4906853073,721.39646956129,21924.7850714329,28252.9759360842,15816390.4067748,2864645.59470505,NA,NA,NA,NA,NA,NA,NA,NA,NA,NA,NA,NA
1511.88820729174,0.5,1527.15980534519,1587792.39661445,2.13941145833333,30,0.2012827,20226,1.420384516e-05,"c and v","30  and  0.5",17271,NA,NA,18375,NA,NA,18565,NA,NA,507.892051175393,NA,NA,338.477818290196,NA,NA,306.874662990977,NA,NA,812160.070605068,NA,NA,36120.5609456935,NA,NA,394129061.59251,NA,NA,21262.1833365437,352.297141650919,517144.468422554,538248.783596118,189548981.910304,174978342.206578,NA,NA,NA,NA,NA,NA,NA,NA,NA,NA,NA,NA,0.0325759907669608,522.463741938951,522.463741938951,0.0329050411787482,0.0329050411787482,18892.4906853073,721.39646956129,21924.7850714329,28252.9759360842,15816101.848187,2864645.59470505,NA,NA,NA,NA,NA,NA,NA,NA,NA,NA,NA,NA
1511.88820729174,0.6,1527.15980534519,1587792.39661445,2.13941145833333,30,0.2012827,20226,1.420384516e-05,"c and v","30  and  0.6",17271,NA,NA,18375,NA,NA,18565,NA,NA,507.892051175393,NA,NA,338.477818290196,NA,NA,306.874662990977,NA,NA,812160.070605068,NA,NA,36120.5609456935,NA,NA,394129061.59251,NA,NA,21262.1833365437,352.297098284561,517144.600214997,538248.849161203,189548946.679585,174978364.398904,NA,NA,NA,NA,NA,NA,NA,NA,NA,NA,NA,NA,0.0325759907669608,522.463741938951,522.463741938951,0.0329050411787482,0.0329050411787482,18892.4906853073,721.39646956129,21924.7850714329,28252.9759360842,15816029.70854,2864645.59470505,NA,NA,NA,NA,NA,NA,NA,NA,NA,NA,NA,NA
1511.88820729174,0.7,1527.15980534519,1587792.39661445,2.13941145833333,30,0.2012827,20226,1.420384516e-05,"c and v","30  and  0.7",17271,NA,NA,18375,NA,NA,18565,NA,NA,507.892051175393,NA,NA,338.477818290196,NA,NA,306.874662990977,NA,NA,812160.070605068,NA,NA,36120.5609456935,NA,NA,394129061.59251,NA,NA,21262.1833365437,352.297054918204,517144.73200744,538248.914726287,189548911.448869,174978386.591231,NA,NA,NA,NA,NA,NA,NA,NA,NA,NA,NA,NA,0.0325759907669608,522.463741938951,522.463741938951,0.0329050411787482,0.0329050411787482,18892.4906853073,721.39646956129,21924.7850714329,28252.9759360842,15815957.5688931,2864645.59470505,NA,NA,NA,NA,NA,NA,NA,NA,NA,NA,NA,NA
1511.88820729174,0.8,1527.15980534519,1587792.39661445,2.13941145833333,30,0.2012827,20226,1.420384516e-05,"c and v","30  and  0.8",17271,NA,NA,18375,NA,NA,18565,NA,NA,507.892051175393,NA,NA,338.477818290196,NA,NA,306.874662990977,NA,NA,812160.070605068,NA,NA,36120.5609456935,NA,NA,394129061.59251,NA,NA,21262.1833365437,352.297011551846,517144.863799884,538248.980291372,189548876.218156,174978408.783558,NA,NA,NA,NA,NA,NA,NA,NA,NA,NA,NA,NA,0.0325759907669608,522.463741938951,522.463741938951,0.0329050411787482,0.0329050411787482,18892.4906853073,721.39646956129,21924.7850714329,28252.9759360842,15815885.4292461,2864645.59470505,NA,NA,NA,NA,NA,NA,NA,NA,NA,NA,NA,NA
1511.88820729174,1.2,1527.15980534519,1587792.39661445,2.13941145833333,30,0.2012827,20226,1.420384516e-05,"c and v","30  and  1.2",17271,NA,NA,18375,NA,NA,18565,NA,NA,507.892051175393,NA,NA,338.477818290196,NA,NA,306.874662990977,NA,NA,812160.070605068,NA,NA,36120.5609456935,NA,NA,394129061.59251,NA,NA,21262.1833365437,352.296838086415,517145.390969657,538249.242551712,189548735.295332,174978497.552866,NA,NA,NA,NA,NA,NA,NA,NA,NA,NA,NA,NA,0.0325759907669608,522.463741938951,522.463741938951,0.0329050411787482,0.0329050411787482,18892.4906853073,721.39646956129,21924.7850714329,28252.9759360842,15815596.8706583,2864645.59470505,NA,NA,NA,NA,NA,NA,NA,NA,NA,NA,NA,NA
1511.88820729174,0.01,1527.15980534519,1587792.39661445,2.13941145833333,40,0.2012827,20226,1.420384516e-05,"c and v","40  and  0.01",17271,NA,NA,18375,NA,NA,18565,NA,NA,507.892051175393,NA,NA,338.477818290196,NA,NA,306.874662990977,NA,NA,812160.070605068,NA,NA,36120.3334522032,NA,NA,394124098.214134,NA,NA,21261.9181578115,352.299443856596,517137.471908967,538245.302918504,189549154.582363,174973869.053349,NA,NA,NA,NA,NA,NA,NA,NA,NA,NA,NA,NA,0.0325759907669608,522.463741938951,522.463741938951,0.0329050411787482,0.0329050411787482,18888.4295167508,721.460532383989,21926.731971373,28256.9090672763,15819264.5069025,2863414.14688858,NA,NA,NA,NA,NA,NA,NA,NA,NA,NA,NA,NA
1511.88820729174,0.05,1527.15980534519,1587792.39661445,2.13941145833333,40,0.2012827,20226,1.420384516e-05,"c and v","40  and  0.05",17271,NA,NA,18375,NA,NA,18565,NA,NA,507.892051175393,NA,NA,338.477818290196,NA,NA,306.874662990977,NA,NA,812160.070605068,NA,NA,36120.3334522032,NA,NA,394124098.214134,NA,NA,21261.9181578115,352.299426510053,517137.524625945,538245.329144538,189549140.490096,174973877.930279,NA,NA,NA,NA,NA,NA,NA,NA,NA,NA,NA,NA,0.0325759907669608,522.463741938951,522.463741938951,0.0329050411787482,0.0329050411787482,18888.4295167508,721.460532383989,21926.731971373,28256.9090672763,15819235.6484812,2863414.14688858,NA,NA,NA,NA,NA,NA,NA,NA,NA,NA,NA,NA
1511.88820729174,0.1,1527.15980534519,1587792.39661445,2.13941145833333,40,0.2012827,20226,1.420384516e-05,"c and v","40  and  0.1",17271,NA,NA,18375,NA,NA,18565,NA,NA,507.892051175393,NA,NA,338.477818290196,NA,NA,306.874662990977,NA,NA,812160.070605068,NA,NA,36120.3334522032,NA,NA,394124098.214134,NA,NA,21261.9181578115,352.299404826874,517137.590522166,538245.361927081,189549122.874764,174973889.026443,NA,NA,NA,NA,NA,NA,NA,NA,NA,NA,NA,NA,0.0325759907669608,522.463741938951,522.463741938951,0.0329050411787482,0.0329050411787482,18888.4295167508,721.460532383989,21926.731971373,28256.9090672763,15819199.5754546,2863414.14688858,NA,NA,NA,NA,NA,NA,NA,NA,NA,NA,NA,NA
1511.88820729174,0.5,1527.15980534519,1587792.39661445,2.13941145833333,40,0.2012827,20226,1.420384516e-05,"c and v","40  and  0.5",17271,NA,NA,18375,NA,NA,18565,NA,NA,507.892051175393,NA,NA,338.477818290196,NA,NA,306.874662990977,NA,NA,812160.070605068,NA,NA,36120.3334522032,NA,NA,394124098.214134,NA,NA,21261.9181578115,352.299231361443,517138.11769194,538245.62418742,189548981.952129,174973977.79575,NA,NA,NA,NA,NA,NA,NA,NA,NA,NA,NA,NA,0.0325759907669608,522.463741938951,522.463741938951,0.0329050411787482,0.0329050411787482,18888.4295167508,721.460532383989,21926.731971373,28256.9090672763,15818910.9912416,2863414.14688858,NA,NA,NA,NA,NA,NA,NA,NA,NA,NA,NA,NA
1511.88820729174,0.6,1527.15980534519,1587792.39661445,2.13941145833333,40,0.2012827,20226,1.420384516e-05,"c and v","40  and  0.6",17271,NA,NA,18375,NA,NA,18565,NA,NA,507.892051175393,NA,NA,338.477818290196,NA,NA,306.874662990977,NA,NA,812160.070605068,NA,NA,36120.3334522032,NA,NA,394124098.214134,NA,NA,21261.9181578115,352.299187995085,517138.249484384,538245.689752505,189548946.721478,174973999.988077,NA,NA,NA,NA,NA,NA,NA,NA,NA,NA,NA,NA,0.0325759907669608,522.463741938951,522.463741938951,0.0329050411787482,0.0329050411787482,18888.4295167508,721.460532383989,21926.731971373,28256.9090672763,15818838.8451884,2863414.14688858,NA,NA,NA,NA,NA,NA,NA,NA,NA,NA,NA,NA
1511.88820729174,0.7,1527.15980534519,1587792.39661445,2.13941145833333,40,0.2012827,20226,1.420384516e-05,"c and v","40  and  0.7",17271,NA,NA,18375,NA,NA,18565,NA,NA,507.892051175393,NA,NA,338.477818290196,NA,NA,306.874662990977,NA,NA,812160.070605068,NA,NA,36120.3334522032,NA,NA,394124098.214134,NA,NA,21261.9181578115,352.299144628727,517138.381276827,538245.75531759,189548911.49083,174974022.180404,NA,NA,NA,NA,NA,NA,NA,NA,NA,NA,NA,NA,0.0325759907669608,522.463741938951,522.463741938951,0.0329050411787482,0.0329050411787482,18888.4295167508,721.460532383989,21926.731971373,28256.9090672763,15818766.6991351,2863414.14688858,NA,NA,NA,NA,NA,NA,NA,NA,NA,NA,NA,NA
1511.88820729174,0.8,1527.15980534519,1587792.39661445,2.13941145833333,40,0.2012827,20226,1.420384516e-05,"c and v","40  and  0.8",17271,NA,NA,18375,NA,NA,18565,NA,NA,507.892051175393,NA,NA,338.477818290196,NA,NA,306.874662990977,NA,NA,812160.070605068,NA,NA,36120.3334522032,NA,NA,394124098.214134,NA,NA,21261.9181578115,352.299101262369,517138.513069271,538245.820882675,189548876.260184,174974044.372731,NA,NA,NA,NA,NA,NA,NA,NA,NA,NA,NA,NA,0.0325759907669608,522.463741938951,522.463741938951,0.0329050411787482,0.0329050411787482,18888.4295167508,721.460532383989,21926.731971373,28256.9090672763,15818694.5530819,2863414.14688858,NA,NA,NA,NA,NA,NA,NA,NA,NA,NA,NA,NA
1511.88820729174,1.2,1527.15980534519,1587792.39661445,2.13941145833333,40,0.2012827,20226,1.420384516e-05,"c and v","40  and  1.2",17271,NA,NA,18375,NA,NA,18565,NA,NA,507.892051175393,NA,NA,338.477818290196,NA,NA,306.874662990977,NA,NA,812160.070605068,NA,NA,36120.3334522032,NA,NA,394124098.214134,NA,NA,21261.9181578115,352.298927796938,517139.040239044,538246.083143015,189548735.337632,174974133.142039,NA,NA,NA,NA,NA,NA,NA,NA,NA,NA,NA,NA,0.0325759907669608,522.463741938951,522.463741938951,0.0329050411787482,0.0329050411787482,18888.4295167508,721.460532383989,21926.731971373,28256.9090672763,15818405.9688689,2863414.14688858,NA,NA,NA,NA,NA,NA,NA,NA,NA,NA,NA,NA
1511.88820729174,0.01,1527.15980534519,1587792.39661445,2.13941145833333,45,0.2012827,20226,1.420384516e-05,"c and v","45  and  0.01",17271,NA,NA,18375,NA,NA,18565,NA,NA,507.892051175393,NA,NA,338.477818290196,NA,NA,306.874662990977,NA,NA,812160.070605068,NA,NA,36120.219705458,NA,NA,394121616.524946,NA,NA,21261.7855684454,352.300488711857,517134.29654366,538243.723214156,189549154.598107,174971686.847935,NA,NA,NA,NA,NA,NA,NA,NA,NA,NA,NA,NA,0.0325759907669608,522.463741938951,522.463741938951,0.0329050411787482,0.0329050411787482,18886.3989324725,721.492563795339,21927.705421343,28258.8756328723,15820669.1876681,2862798.52225897,NA,NA,NA,NA,NA,NA,NA,NA,NA,NA,NA,NA
1511.88820729174,0.05,1527.15980534519,1587792.39661445,2.13941145833333,45,0.2012827,20226,1.420384516e-05,"c and v","45  and  0.05",17271,NA,NA,18375,NA,NA,18565,NA,NA,507.892051175393,NA,NA,338.477818290196,NA,NA,306.874662990977,NA,NA,812160.070605068,NA,NA,36120.219705458,NA,NA,394121616.524946,NA,NA,21261.7855684454,352.300471365314,517134.349260638,538243.74944019,189549140.505854,174971695.724866,NA,NA,NA,NA,NA,NA,NA,NA,NA,NA,NA,NA,0.0325759907669608,522.463741938951,522.463741938951,0.0329050411787482,0.0329050411787482,18886.3989324725,721.492563795339,21927.705421343,28258.8756328723,15820640.3279656,2862798.52225897,NA,NA,NA,NA,NA,NA,NA,NA,NA,NA,NA,NA
1511.88820729174,0.1,1527.15980534519,1587792.39661445,2.13941145833333,45,0.2012827,20226,1.420384516e-05,"c and v","45  and  0.1",17271,NA,NA,18375,NA,NA,18565,NA,NA,507.892051175393,NA,NA,338.477818290196,NA,NA,306.874662990977,NA,NA,812160.070605068,NA,NA,36120.219705458,NA,NA,394121616.524946,NA,NA,21261.7855684454,352.300449682135,517134.41515686,538243.782222732,189549122.890539,174971706.821029,NA,NA,NA,NA,NA,NA,NA,NA,NA,NA,NA,NA,0.0325759907669608,522.463741938951,522.463741938951,0.0329050411787482,0.0329050411787482,18886.3989324725,721.492563795339,21927.705421343,28258.8756328723,15820604.2533374,2862798.52225897,NA,NA,NA,NA,NA,NA,NA,NA,NA,NA,NA,NA
1511.88820729174,0.5,1527.15980534519,1587792.39661445,2.13941145833333,45,0.2012827,20226,1.420384516e-05,"c and v","45  and  0.5",17271,NA,NA,18375,NA,NA,18565,NA,NA,507.892051175393,NA,NA,338.477818290196,NA,NA,306.874662990977,NA,NA,812160.070605068,NA,NA,36120.219705458,NA,NA,394121616.524946,NA,NA,21261.7855684454,352.300276216704,517134.942326633,538244.044483072,189548981.96804,174971795.590337,NA,NA,NA,NA,NA,NA,NA,NA,NA,NA,NA,NA,0.0325759907669608,522.463741938951,522.463741938951,0.0329050411787482,0.0329050411787482,18886.3989324725,721.492563795339,21927.705421343,28258.8756328723,15820315.6563118,2862798.52225897,NA,NA,NA,NA,NA,NA,NA,NA,NA,NA,NA,NA
1511.88820729174,0.6,1527.15980534519,1587792.39661445,2.13941145833333,45,0.2012827,20226,1.420384516e-05,"c and v","45  and  0.6",17271,NA,NA,18375,NA,NA,18565,NA,NA,507.892051175393,NA,NA,338.477818290196,NA,NA,306.874662990977,NA,NA,812160.070605068,NA,NA,36120.219705458,NA,NA,394121616.524946,NA,NA,21261.7855684454,352.300232850347,517135.074119077,538244.110048157,189548946.737423,174971817.782664,NA,NA,NA,NA,NA,NA,NA,NA,NA,NA,NA,NA,0.0325759907669608,522.463741938951,522.463741938951,0.0329050411787482,0.0329050411787482,18886.3989324725,721.492563795339,21927.705421343,28258.8756328723,15820243.5070555,2862798.52225897,NA,NA,NA,NA,NA,NA,NA,NA,NA,NA,NA,NA
1511.88820729174,0.7,1527.15980534519,1587792.39661445,2.13941145833333,45,0.2012827,20226,1.420384516e-05,"c and v","45  and  0.7",17271,NA,NA,18375,NA,NA,18565,NA,NA,507.892051175393,NA,NA,338.477818290196,NA,NA,306.874662990977,NA,NA,812160.070605068,NA,NA,36120.219705458,NA,NA,394121616.524946,NA,NA,21261.7855684454,352.300189483989,517135.20591152,538244.175613241,189548911.506808,174971839.974991,NA,NA,NA,NA,NA,NA,NA,NA,NA,NA,NA,NA,0.0325759907669608,522.463741938951,522.463741938951,0.0329050411787482,0.0329050411787482,18886.3989324725,721.492563795339,21927.705421343,28258.8756328723,15820171.3577991,2862798.52225897,NA,NA,NA,NA,NA,NA,NA,NA,NA,NA,NA,NA
1511.88820729174,0.8,1527.15980534519,1587792.39661445,2.13941145833333,45,0.2012827,20226,1.420384516e-05,"c and v","45  and  0.8",17271,NA,NA,18375,NA,NA,18565,NA,NA,507.892051175393,NA,NA,338.477818290196,NA,NA,306.874662990977,NA,NA,812160.070605068,NA,NA,36120.219705458,NA,NA,394121616.524946,NA,NA,21261.7855684454,352.300146117631,517135.337703964,538244.241178327,189548876.276197,174971862.167318,NA,NA,NA,NA,NA,NA,NA,NA,NA,NA,NA,NA,0.0325759907669608,522.463741938951,522.463741938951,0.0329050411787482,0.0329050411787482,18886.3989324725,721.492563795339,21927.705421343,28258.8756328723,15820099.2085427,2862798.52225897,NA,NA,NA,NA,NA,NA,NA,NA,NA,NA,NA,NA
1511.88820729174,1.2,1527.15980534519,1587792.39661445,2.13941145833333,45,0.2012827,20226,1.420384516e-05,"c and v","45  and  1.2",17271,NA,NA,18375,NA,NA,18565,NA,NA,507.892051175393,NA,NA,338.477818290196,NA,NA,306.874662990977,NA,NA,812160.070605068,NA,NA,36120.219705458,NA,NA,394121616.524946,NA,NA,21261.7855684454,352.2999726522,517135.864873737,538244.503438666,189548735.35378,174971950.936625,NA,NA,NA,NA,NA,NA,NA,NA,NA,NA,NA,NA,0.0325759907669608,522.463741938951,522.463741938951,0.0329050411787482,0.0329050411787482,18886.3989324725,721.492563795339,21927.705421343,28258.8756328723,15819810.6115172,2862798.52225897,NA,NA,NA,NA,NA,NA,NA,NA,NA,NA,NA,NA
1511.88820729174,0.01,1527.15980534519,1587792.39661445,2.13941145833333,50,0.2012827,20226,1.420384516e-05,"c and v","50  and  0.01",17271,NA,NA,18375,NA,NA,18565,NA,NA,507.892051175393,NA,NA,338.477818290196,NA,NA,306.874662990977,NA,NA,812160.070605068,NA,NA,36120.1059587128,NA,NA,394119134.835758,NA,NA,21261.6529790793,352.301533567119,517131.121178353,538242.143509807,189549154.610518,174969504.642521,NA,NA,NA,NA,NA,NA,NA,NA,NA,NA,NA,NA,0.0325759907669608,522.463741938951,522.463741938951,0.0329050411787482,0.0329050411787482,18884.3683481943,721.524595206689,21928.6788713131,28260.8421984684,15822073.9307957,2862182.96381511,NA,NA,NA,NA,NA,NA,NA,NA,NA,NA,NA,NA
1511.88820729174,0.05,1527.15980534519,1587792.39661445,2.13941145833333,50,0.2012827,20226,1.420384516e-05,"c and v","50  and  0.05",17271,NA,NA,18375,NA,NA,18565,NA,NA,507.892051175393,NA,NA,338.477818290196,NA,NA,306.874662990977,NA,NA,812160.070605068,NA,NA,36120.1059587128,NA,NA,394119134.835758,NA,NA,21261.6529790793,352.301516220576,517131.173895331,538242.169735841,189549140.518278,174969513.519452,NA,NA,NA,NA,NA,NA,NA,NA,NA,NA,NA,NA,0.0325759907669608,522.463741938951,522.463741938951,0.0329050411787482,0.0329050411787482,18884.3683481943,721.524595206689,21928.6788713131,28260.8421984684,15822045.0698119,2862182.96381511,NA,NA,NA,NA,NA,NA,NA,NA,NA,NA,NA,NA
1511.88820729174,0.1,1527.15980534519,1587792.39661445,2.13941145833333,50,0.2012827,20226,1.420384516e-05,"c and v","50  and  0.1",17271,NA,NA,18375,NA,NA,18565,NA,NA,507.892051175393,NA,NA,338.477818290196,NA,NA,306.874662990977,NA,NA,812160.070605068,NA,NA,36120.1059587128,NA,NA,394119134.835758,NA,NA,21261.6529790793,352.301494537397,517131.239791553,538242.202518383,189549122.90298,174969524.615616,NA,NA,NA,NA,NA,NA,NA,NA,NA,NA,NA,NA,0.0325759907669608,522.463741938951,522.463741938951,0.0329050411787482,0.0329050411787482,18884.3683481943,721.524595206689,21928.6788713131,28260.8421984684,15822008.9935821,2862182.96381511,NA,NA,NA,NA,NA,NA,NA,NA,NA,NA,NA,NA
1511.88820729174,0.5,1527.15980534519,1587792.39661445,2.13941145833333,50,0.2012827,20226,1.420384516e-05,"c and v","50  and  0.5",17271,NA,NA,18375,NA,NA,18565,NA,NA,507.892051175393,NA,NA,338.477818290196,NA,NA,306.874662990977,NA,NA,812160.070605068,NA,NA,36120.1059587128,NA,NA,394119134.835758,NA,NA,21261.6529790793,352.301321071966,517131.766961326,538242.464778723,189548981.980617,174969613.384923,NA,NA,NA,NA,NA,NA,NA,NA,NA,NA,NA,NA,0.0325759907669608,522.463741938951,522.463741938951,0.0329050411787482,0.0329050411787482,18884.3683481943,721.524595206689,21928.6788713131,28260.8421984684,15821720.383744,2862182.96381511,NA,NA,NA,NA,NA,NA,NA,NA,NA,NA,NA,NA
1511.88820729174,0.6,1527.15980534519,1587792.39661445,2.13941145833333,50,0.2012827,20226,1.420384516e-05,"c and v","50  and  0.6",17271,NA,NA,18375,NA,NA,18565,NA,NA,507.892051175393,NA,NA,338.477818290196,NA,NA,306.874662990977,NA,NA,812160.070605068,NA,NA,36120.1059587128,NA,NA,394119134.835758,NA,NA,21261.6529790793,352.301277705608,517131.89875377,538242.530343808,189548946.750033,174969635.57725,NA,NA,NA,NA,NA,NA,NA,NA,NA,NA,NA,NA,0.0325759907669608,522.463741938951,522.463741938951,0.0329050411787482,0.0329050411787482,18884.3683481943,721.524595206689,21928.6788713131,28260.8421984684,15821648.2312845,2862182.96381511,NA,NA,NA,NA,NA,NA,NA,NA,NA,NA,NA,NA
1511.88820729174,0.7,1527.15980534519,1587792.39661445,2.13941145833333,50,0.2012827,20226,1.420384516e-05,"c and v","50  and  0.7",17271,NA,NA,18375,NA,NA,18565,NA,NA,507.892051175393,NA,NA,338.477818290196,NA,NA,306.874662990977,NA,NA,812160.070605068,NA,NA,36120.1059587128,NA,NA,394119134.835758,NA,NA,21261.6529790793,352.301234339251,517132.030546213,538242.595908893,189548911.519453,174969657.769577,NA,NA,NA,NA,NA,NA,NA,NA,NA,NA,NA,NA,0.0325759907669608,522.463741938951,522.463741938951,0.0329050411787482,0.0329050411787482,18884.3683481943,721.524595206689,21928.6788713131,28260.8421984684,15821576.078825,2862182.96381511,NA,NA,NA,NA,NA,NA,NA,NA,NA,NA,NA,NA
1511.88820729174,0.8,1527.15980534519,1587792.39661445,2.13941145833333,50,0.2012827,20226,1.420384516e-05,"c and v","50  and  0.8",17271,NA,NA,18375,NA,NA,18565,NA,NA,507.892051175393,NA,NA,338.477818290196,NA,NA,306.874662990977,NA,NA,812160.070605068,NA,NA,36120.1059587128,NA,NA,394119134.835758,NA,NA,21261.6529790793,352.301190972893,517132.162338657,538242.661473978,189548876.288875,174969679.961904,NA,NA,NA,NA,NA,NA,NA,NA,NA,NA,NA,NA,0.0325759907669608,522.463741938951,522.463741938951,0.0329050411787482,0.0329050411787482,18884.3683481943,721.524595206689,21928.6788713131,28260.8421984684,15821503.9263655,2862182.96381511,NA,NA,NA,NA,NA,NA,NA,NA,NA,NA,NA,NA
1511.88820729174,1.2,1527.15980534519,1587792.39661445,2.13941145833333,50,0.2012827,20226,1.420384516e-05,"c and v","50  and  1.2",17271,NA,NA,18375,NA,NA,18565,NA,NA,507.892051175393,NA,NA,338.477818290196,NA,NA,306.874662990977,NA,NA,812160.070605068,NA,NA,36120.1059587128,NA,NA,394119134.835758,NA,NA,21261.6529790793,352.301017507462,517132.68950843,538242.923734318,189548735.366594,174969768.731212,NA,NA,NA,NA,NA,NA,NA,NA,NA,NA,NA,NA,0.0325759907669608,522.463741938951,522.463741938951,0.0329050411787482,0.0329050411787482,18884.3683481943,721.524595206689,21928.6788713131,28260.8421984684,15821215.3165274,2862182.96381511,NA,NA,NA,NA,NA,NA,NA,NA,NA,NA,NA,NA
1511.88820729174,0.01,1527.15980534519,1587792.39661445,2.13941145833333,NA,0.2012827,20226,1.420384516e-05,"c and v","NA  and  0.01",NA,NA,NA,NA,NA,NA,NA,NA,NA,NA,NA,NA,NA,NA,NA,NA,NA,NA,NA,NA,NA,NA,NA,NA,NA,NA,NA,NA,NA,NA,NA,NA,NA,NA,NA,NA,NA,NA,NA,NA,NA,NA,NA,NA,NA,0.0325759907669608,522.463741938951,522.463741938951,0.0329050411787482,0.0329050411787482,NA,NA,NA,NA,NA,NA,NA,NA,NA,NA,NA,NA,NA,NA,NA,NA,NA,NA
1511.88820729174,0.05,1527.15980534519,1587792.39661445,2.13941145833333,NA,0.2012827,20226,1.420384516e-05,"c and v","NA  and  0.05",NA,NA,NA,NA,NA,NA,NA,NA,NA,NA,NA,NA,NA,NA,NA,NA,NA,NA,NA,NA,NA,NA,NA,NA,NA,NA,NA,NA,NA,NA,NA,NA,NA,NA,NA,NA,NA,NA,NA,NA,NA,NA,NA,NA,NA,0.0325759907669608,522.463741938951,522.463741938951,0.0329050411787482,0.0329050411787482,NA,NA,NA,NA,NA,NA,NA,NA,NA,NA,NA,NA,NA,NA,NA,NA,NA,NA
1511.88820729174,0.1,1527.15980534519,1587792.39661445,2.13941145833333,NA,0.2012827,20226,1.420384516e-05,"c and v","NA  and  0.1",NA,NA,NA,NA,NA,NA,NA,NA,NA,NA,NA,NA,NA,NA,NA,NA,NA,NA,NA,NA,NA,NA,NA,NA,NA,NA,NA,NA,NA,NA,NA,NA,NA,NA,NA,NA,NA,NA,NA,NA,NA,NA,NA,NA,NA,0.0325759907669608,522.463741938951,522.463741938951,0.0329050411787482,0.0329050411787482,NA,NA,NA,NA,NA,NA,NA,NA,NA,NA,NA,NA,NA,NA,NA,NA,NA,NA
1511.88820729174,0.5,1527.15980534519,1587792.39661445,2.13941145833333,NA,0.2012827,20226,1.420384516e-05,"c and v","NA  and  0.5",NA,NA,NA,NA,NA,NA,NA,NA,NA,NA,NA,NA,NA,NA,NA,NA,NA,NA,NA,NA,NA,NA,NA,NA,NA,NA,NA,NA,NA,NA,NA,NA,NA,NA,NA,NA,NA,NA,NA,NA,NA,NA,NA,NA,NA,0.0325759907669608,522.463741938951,522.463741938951,0.0329050411787482,0.0329050411787482,NA,NA,NA,NA,NA,NA,NA,NA,NA,NA,NA,NA,NA,NA,NA,NA,NA,NA
1511.88820729174,0.6,1527.15980534519,1587792.39661445,2.13941145833333,NA,0.2012827,20226,1.420384516e-05,"c and v","NA  and  0.6",NA,NA,NA,NA,NA,NA,NA,NA,NA,NA,NA,NA,NA,NA,NA,NA,NA,NA,NA,NA,NA,NA,NA,NA,NA,NA,NA,NA,NA,NA,NA,NA,NA,NA,NA,NA,NA,NA,NA,NA,NA,NA,NA,NA,NA,0.0325759907669608,522.463741938951,522.463741938951,0.0329050411787482,0.0329050411787482,NA,NA,NA,NA,NA,NA,NA,NA,NA,NA,NA,NA,NA,NA,NA,NA,NA,NA
1511.88820729174,0.7,1527.15980534519,1587792.39661445,2.13941145833333,NA,0.2012827,20226,1.420384516e-05,"c and v","NA  and  0.7",NA,NA,NA,NA,NA,NA,NA,NA,NA,NA,NA,NA,NA,NA,NA,NA,NA,NA,NA,NA,NA,NA,NA,NA,NA,NA,NA,NA,NA,NA,NA,NA,NA,NA,NA,NA,NA,NA,NA,NA,NA,NA,NA,NA,NA,0.0325759907669608,522.463741938951,522.463741938951,0.0329050411787482,0.0329050411787482,NA,NA,NA,NA,NA,NA,NA,NA,NA,NA,NA,NA,NA,NA,NA,NA,NA,NA
1511.88820729174,0.8,1527.15980534519,1587792.39661445,2.13941145833333,NA,0.2012827,20226,1.420384516e-05,"c and v","NA  and  0.8",NA,NA,NA,NA,NA,NA,NA,NA,NA,NA,NA,NA,NA,NA,NA,NA,NA,NA,NA,NA,NA,NA,NA,NA,NA,NA,NA,NA,NA,NA,NA,NA,NA,NA,NA,NA,NA,NA,NA,NA,NA,NA,NA,NA,NA,0.0325759907669608,522.463741938951,522.463741938951,0.0329050411787482,0.0329050411787482,NA,NA,NA,NA,NA,NA,NA,NA,NA,NA,NA,NA,NA,NA,NA,NA,NA,NA
1511.88820729174,1.2,1527.15980534519,1587792.39661445,2.13941145833333,NA,0.2012827,20226,1.420384516e-05,"c and v","NA  and  1.2",NA,NA,NA,NA,NA,NA,NA,NA,NA,NA,NA,NA,NA,NA,NA,NA,NA,NA,NA,NA,NA,NA,NA,NA,NA,NA,NA,NA,NA,NA,NA,NA,NA,NA,NA,NA,NA,NA,NA,NA,NA,NA,NA,NA,NA,0.0325759907669608,522.463741938951,522.463741938951,0.0329050411787482,0.0329050411787482,NA,NA,NA,NA,NA,NA,NA,NA,NA,NA,NA,NA,NA,NA,NA,NA,NA,NA
